# Glide 2.x interface constants: name, value, header that defines it in the 1999 source release.
# Machine-extracted facts (names and numbers only); no header text is reproduced (PRD D12).
GR_FOG_TABLE_SIZE	0x40	glide.h
GR_ZDEPTHVALUE_NEAREST	0xffff	glide.h
GR_ZDEPTHVALUE_FARTHEST	0x0	glide.h
GR_WDEPTHVALUE_NEAREST	0x0	glide.h
GR_WDEPTHVALUE_FARTHEST	0xffff	glide.h
GR_MIPMAPLEVELMASK_EVEN	0x1	glide.h
GR_MIPMAPLEVELMASK_ODD	0x2	glide.h
GR_MIPMAPLEVELMASK_BOTH	0x3	glide.h
GR_LODBIAS_BILINEAR	0x0	glide.h
GR_LODBIAS_TRILINEAR	0x0	glide.h
GR_TMU0	0x0	glide.h
GR_TMU1	0x1	glide.h
GR_TMU2	0x2	glide.h
GR_FBI	0x3	glide.h
GR_COMBINE_FUNCTION_ZERO	0x0	glide.h
GR_COMBINE_FUNCTION_NONE	0x0	glide.h
GR_COMBINE_FUNCTION_LOCAL	0x1	glide.h
GR_COMBINE_FUNCTION_LOCAL_ALPHA	0x2	glide.h
GR_COMBINE_FUNCTION_SCALE_OTHER	0x3	glide.h
GR_COMBINE_FUNCTION_BLEND_OTHER	0x3	glide.h
GR_COMBINE_FUNCTION_SCALE_OTHER_ADD_LOCAL	0x4	glide.h
GR_COMBINE_FUNCTION_SCALE_OTHER_ADD_LOCAL_ALPHA	0x5	glide.h
GR_COMBINE_FUNCTION_SCALE_OTHER_MINUS_LOCAL	0x6	glide.h
GR_COMBINE_FUNCTION_SCALE_OTHER_MINUS_LOCAL_ADD_LOCAL	0x7	glide.h
GR_COMBINE_FUNCTION_BLEND	0x7	glide.h
GR_COMBINE_FUNCTION_SCALE_OTHER_MINUS_LOCAL_ADD_LOCAL_ALPHA	0x8	glide.h
GR_COMBINE_FUNCTION_SCALE_MINUS_LOCAL_ADD_LOCAL	0x9	glide.h
GR_COMBINE_FUNCTION_BLEND_LOCAL	0x9	glide.h
GR_COMBINE_FUNCTION_SCALE_MINUS_LOCAL_ADD_LOCAL_ALPHA	0x10	glide.h
GR_COMBINE_FACTOR_ZERO	0x0	glide.h
GR_COMBINE_FACTOR_NONE	0x0	glide.h
GR_COMBINE_FACTOR_LOCAL	0x1	glide.h
GR_COMBINE_FACTOR_OTHER_ALPHA	0x2	glide.h
GR_COMBINE_FACTOR_LOCAL_ALPHA	0x3	glide.h
GR_COMBINE_FACTOR_TEXTURE_ALPHA	0x4	glide.h
GR_COMBINE_FACTOR_TEXTURE_RGB	0x5	glide.h
GR_COMBINE_FACTOR_DETAIL_FACTOR	0x4	glide.h
GR_COMBINE_FACTOR_LOD_FRACTION	0x5	glide.h
GR_COMBINE_FACTOR_ONE	0x8	glide.h
GR_COMBINE_FACTOR_ONE_MINUS_LOCAL	0x9	glide.h
GR_COMBINE_FACTOR_ONE_MINUS_OTHER_ALPHA	0xa	glide.h
GR_COMBINE_FACTOR_ONE_MINUS_LOCAL_ALPHA	0xb	glide.h
GR_COMBINE_FACTOR_ONE_MINUS_TEXTURE_ALPHA	0xc	glide.h
GR_COMBINE_FACTOR_ONE_MINUS_DETAIL_FACTOR	0xc	glide.h
GR_COMBINE_FACTOR_ONE_MINUS_LOD_FRACTION	0xd	glide.h
GR_COMBINE_LOCAL_ITERATED	0x0	glide.h
GR_COMBINE_LOCAL_CONSTANT	0x1	glide.h
GR_COMBINE_LOCAL_NONE	0x1	glide.h
GR_COMBINE_LOCAL_DEPTH	0x2	glide.h
GR_COMBINE_OTHER_ITERATED	0x0	glide.h
GR_COMBINE_OTHER_TEXTURE	0x1	glide.h
GR_COMBINE_OTHER_CONSTANT	0x2	glide.h
GR_COMBINE_OTHER_NONE	0x2	glide.h
GR_ALPHASOURCE_CC_ALPHA	0x0	glide.h
GR_ALPHASOURCE_ITERATED_ALPHA	0x1	glide.h
GR_ALPHASOURCE_TEXTURE_ALPHA	0x2	glide.h
GR_ALPHASOURCE_TEXTURE_ALPHA_TIMES_ITERATED_ALPHA	0x3	glide.h
GR_COLORCOMBINE_ZERO	0x0	glide.h
GR_COLORCOMBINE_CCRGB	0x1	glide.h
GR_COLORCOMBINE_ITRGB	0x2	glide.h
GR_COLORCOMBINE_ITRGB_DELTA0	0x3	glide.h
GR_COLORCOMBINE_DECAL_TEXTURE	0x4	glide.h
GR_COLORCOMBINE_TEXTURE_TIMES_CCRGB	0x5	glide.h
GR_COLORCOMBINE_TEXTURE_TIMES_ITRGB	0x6	glide.h
GR_COLORCOMBINE_TEXTURE_TIMES_ITRGB_DELTA0	0x7	glide.h
GR_COLORCOMBINE_TEXTURE_TIMES_ITRGB_ADD_ALPHA	0x8	glide.h
GR_COLORCOMBINE_TEXTURE_TIMES_ALPHA	0x9	glide.h
GR_COLORCOMBINE_TEXTURE_TIMES_ALPHA_ADD_ITRGB	0xa	glide.h
GR_COLORCOMBINE_TEXTURE_ADD_ITRGB	0xb	glide.h
GR_COLORCOMBINE_TEXTURE_SUB_ITRGB	0xc	glide.h
GR_COLORCOMBINE_CCRGB_BLEND_ITRGB_ON_TEXALPHA	0xd	glide.h
GR_COLORCOMBINE_DIFF_SPEC_A	0xe	glide.h
GR_COLORCOMBINE_DIFF_SPEC_B	0xf	glide.h
GR_COLORCOMBINE_ONE	0x10	glide.h
GR_BLEND_ZERO	0x0	glide.h
GR_BLEND_SRC_ALPHA	0x1	glide.h
GR_BLEND_SRC_COLOR	0x2	glide.h
GR_BLEND_DST_COLOR	0x2	glide.h
GR_BLEND_DST_ALPHA	0x3	glide.h
GR_BLEND_ONE	0x4	glide.h
GR_BLEND_ONE_MINUS_SRC_ALPHA	0x5	glide.h
GR_BLEND_ONE_MINUS_SRC_COLOR	0x6	glide.h
GR_BLEND_ONE_MINUS_DST_COLOR	0x6	glide.h
GR_BLEND_ONE_MINUS_DST_ALPHA	0x7	glide.h
GR_BLEND_RESERVED_8	0x8	glide.h
GR_BLEND_RESERVED_9	0x9	glide.h
GR_BLEND_RESERVED_A	0xa	glide.h
GR_BLEND_RESERVED_B	0xb	glide.h
GR_BLEND_RESERVED_C	0xc	glide.h
GR_BLEND_RESERVED_D	0xd	glide.h
GR_BLEND_RESERVED_E	0xe	glide.h
GR_BLEND_ALPHA_SATURATE	0xf	glide.h
GR_BLEND_PREFOG_COLOR	0xf	glide.h
GR_ASPECT_8x1	0x0	glide.h
GR_ASPECT_4x1	0x1	glide.h
GR_ASPECT_2x1	0x2	glide.h
GR_ASPECT_1x1	0x3	glide.h
GR_ASPECT_1x2	0x4	glide.h
GR_ASPECT_1x4	0x5	glide.h
GR_ASPECT_1x8	0x6	glide.h
GR_BUFFER_FRONTBUFFER	0x0	glide.h
GR_BUFFER_BACKBUFFER	0x1	glide.h
GR_BUFFER_AUXBUFFER	0x2	glide.h
GR_BUFFER_DEPTHBUFFER	0x3	glide.h
GR_BUFFER_ALPHABUFFER	0x4	glide.h
GR_BUFFER_TRIPLEBUFFER	0x5	glide.h
GR_CHROMAKEY_DISABLE	0x0	glide.h
GR_CHROMAKEY_ENABLE	0x1	glide.h
GR_CHROMARANGE_RGB_ANY	0x0	glide.h
GR_CHROMARANGE_RGb_ANY	0x1	glide.h
GR_CHROMARANGE_RgB_ANY	0x2	glide.h
GR_CHROMARANGE_Rgb_ANY	0x3	glide.h
GR_CHROMARANGE_rGB_ANY	0x4	glide.h
GR_CHROMARANGE_rGb_ANY	0x5	glide.h
GR_CHROMARANGE_rgB_ANY	0x6	glide.h
GR_CHROMARANGE_rgb_ANY	0x7	glide.h
GR_CHROMARANGE_RGB_ALL	0x8	glide.h
GR_CHROMARANGE_RGb_ALL	0x9	glide.h
GR_CHROMARANGE_RgB_ALL	0xa	glide.h
GR_CHROMARANGE_Rgb_ALL	0xb	glide.h
GR_CHROMARANGE_rGB_ALL	0xc	glide.h
GR_CHROMARANGE_rGb_ALL	0xd	glide.h
GR_CHROMARANGE_rgB_ALL	0xe	glide.h
GR_CHROMARANGE_rgb_ALL	0xf	glide.h
GR_CMP_NEVER	0x0	glide.h
GR_CMP_LESS	0x1	glide.h
GR_CMP_EQUAL	0x2	glide.h
GR_CMP_LEQUAL	0x3	glide.h
GR_CMP_GREATER	0x4	glide.h
GR_CMP_NOTEQUAL	0x5	glide.h
GR_CMP_GEQUAL	0x6	glide.h
GR_CMP_ALWAYS	0x7	glide.h
GR_COLORFORMAT_ARGB	0x0	glide.h
GR_COLORFORMAT_ABGR	0x1	glide.h
GR_COLORFORMAT_RGBA	0x2	glide.h
GR_COLORFORMAT_BGRA	0x3	glide.h
GR_CULL_DISABLE	0x0	glide.h
GR_CULL_NEGATIVE	0x1	glide.h
GR_CULL_POSITIVE	0x2	glide.h
GR_DEPTHBUFFER_DISABLE	0x0	glide.h
GR_DEPTHBUFFER_ZBUFFER	0x1	glide.h
GR_DEPTHBUFFER_WBUFFER	0x2	glide.h
GR_DEPTHBUFFER_ZBUFFER_COMPARE_TO_BIAS	0x3	glide.h
GR_DEPTHBUFFER_WBUFFER_COMPARE_TO_BIAS	0x4	glide.h
GR_DITHER_DISABLE	0x0	glide.h
GR_DITHER_2x2	0x1	glide.h
GR_DITHER_4x4	0x2	glide.h
GR_FOG_DISABLE	0x0	glide.h
GR_FOG_WITH_ITERATED_ALPHA	0x1	glide.h
GR_FOG_WITH_TABLE	0x2	glide.h
GR_FOG_WITH_ITERATED_Z	0x3	glide.h
GR_FOG_MULT2	0x100	glide.h
GR_FOG_ADD2	0x200	glide.h
GR_LFB_READ_ONLY	0x0	glide.h
GR_LFB_WRITE_ONLY	0x1	glide.h
GR_LFB_IDLE	0x0	glide.h
GR_LFB_NOIDLE	0x10	glide.h
GR_LFBBYPASS_DISABLE	0x0	glide.h
GR_LFBBYPASS_ENABLE	0x1	glide.h
GR_LFBWRITEMODE_565	0x0	glide.h
GR_LFBWRITEMODE_555	0x1	glide.h
GR_LFBWRITEMODE_1555	0x2	glide.h
GR_LFBWRITEMODE_RESERVED1	0x3	glide.h
GR_LFBWRITEMODE_888	0x4	glide.h
GR_LFBWRITEMODE_8888	0x5	glide.h
GR_LFBWRITEMODE_RESERVED2	0x6	glide.h
GR_LFBWRITEMODE_RESERVED3	0x7	glide.h
GR_LFBWRITEMODE_RESERVED4	0x8	glide.h
GR_LFBWRITEMODE_RESERVED5	0x9	glide.h
GR_LFBWRITEMODE_RESERVED6	0xa	glide.h
GR_LFBWRITEMODE_RESERVED7	0xb	glide.h
GR_LFBWRITEMODE_565_DEPTH	0xc	glide.h
GR_LFBWRITEMODE_555_DEPTH	0xd	glide.h
GR_LFBWRITEMODE_1555_DEPTH	0xe	glide.h
GR_LFBWRITEMODE_ZA16	0xf	glide.h
GR_LFBWRITEMODE_ANY	0xff	glide.h
GR_ORIGIN_UPPER_LEFT	0x0	glide.h
GR_ORIGIN_LOWER_LEFT	0x1	glide.h
GR_ORIGIN_ANY	0xff	glide.h
GR_LOD_256	0x0	glide.h
GR_LOD_128	0x1	glide.h
GR_LOD_64	0x2	glide.h
GR_LOD_32	0x3	glide.h
GR_LOD_16	0x4	glide.h
GR_LOD_8	0x5	glide.h
GR_LOD_4	0x6	glide.h
GR_LOD_2	0x7	glide.h
GR_LOD_1	0x8	glide.h
GR_MIPMAP_DISABLE	0x0	glide.h
GR_MIPMAP_NEAREST	0x1	glide.h
GR_MIPMAP_NEAREST_DITHER	0x2	glide.h
GR_SMOOTHING_DISABLE	0x0	glide.h
GR_SMOOTHING_ENABLE	0x1	glide.h
GR_TEXTURECLAMP_WRAP	0x0	glide.h
GR_TEXTURECLAMP_CLAMP	0x1	glide.h
GR_TEXTURECOMBINE_ZERO	0x0	glide.h
GR_TEXTURECOMBINE_DECAL	0x1	glide.h
GR_TEXTURECOMBINE_OTHER	0x2	glide.h
GR_TEXTURECOMBINE_ADD	0x3	glide.h
GR_TEXTURECOMBINE_MULTIPLY	0x4	glide.h
GR_TEXTURECOMBINE_SUBTRACT	0x5	glide.h
GR_TEXTURECOMBINE_DETAIL	0x6	glide.h
GR_TEXTURECOMBINE_DETAIL_OTHER	0x7	glide.h
GR_TEXTURECOMBINE_TRILINEAR_ODD	0x8	glide.h
GR_TEXTURECOMBINE_TRILINEAR_EVEN	0x9	glide.h
GR_TEXTURECOMBINE_ONE	0xa	glide.h
GR_TEXTUREFILTER_POINT_SAMPLED	0x0	glide.h
GR_TEXTUREFILTER_BILINEAR	0x1	glide.h
GR_TEXFMT_8BIT	0x0	glide.h
GR_TEXFMT_RGB_332	0x0	glide.h
GR_TEXFMT_YIQ_422	0x1	glide.h
GR_TEXFMT_ALPHA_8	0x2	glide.h
GR_TEXFMT_INTENSITY_8	0x3	glide.h
GR_TEXFMT_ALPHA_INTENSITY_44	0x4	glide.h
GR_TEXFMT_P_8	0x5	glide.h
GR_TEXFMT_RSVD0	0x6	glide.h
GR_TEXFMT_RSVD1	0x7	glide.h
GR_TEXFMT_16BIT	0x8	glide.h
GR_TEXFMT_ARGB_8332	0x8	glide.h
GR_TEXFMT_AYIQ_8422	0x9	glide.h
GR_TEXFMT_RGB_565	0xa	glide.h
GR_TEXFMT_ARGB_1555	0xb	glide.h
GR_TEXFMT_ARGB_4444	0xc	glide.h
GR_TEXFMT_ALPHA_INTENSITY_88	0xd	glide.h
GR_TEXFMT_AP_88	0xe	glide.h
GR_TEXFMT_RSVD2	0xf	glide.h
GR_TEXTABLE_NCC0	0x0	glide.h
GR_TEXTABLE_NCC1	0x1	glide.h
GR_TEXTABLE_PALETTE	0x2	glide.h
GR_NCCTABLE_NCC0	0x0	glide.h
GR_NCCTABLE_NCC1	0x1	glide.h
GR_TEXBASE_256	0x0	glide.h
GR_TEXBASE_128	0x1	glide.h
GR_TEXBASE_64	0x2	glide.h
GR_TEXBASE_32_TO_1	0x3	glide.h
GLIDE3_VERTEX_LAYOUT	0x1	glide.h
GR_MODE_DISABLE	0x0	glide.h
GR_MODE_ENABLE	0x1	glide.h
GR_AA_ORDERED	0x1	glide.h
GR_ALLOW_MIPMAP_DITHER	0x2	glide.h
GR_SHAMELESS_PLUG	0x3	glide.h
GR_VIDEO_SMOOTHING	0x4	glide.h
GR_WINDOW_COORDS	0x0	glide.h
GR_CLIP_COORDS	0x1	glide.h
GLIDE3_EXTRA_STATE	0x0	glide.h
GLIDE_STATE_PAD_SIZE	0x138	glide.h
GR_FLOAT	0x0	glide.h
GR_U8	0x1	glide.h
GR_PARAM_XY	0x1	glide.h
GR_PARAM_Z	0x2	glide.h
GR_PARAM_W	0x3	glide.h
GR_PARAM_Q	0x4	glide.h
GR_PARAM_A	0x10	glide.h
GR_PARAM_A0	0x10	glide.h
GR_PARAM_A1	0x11	glide.h
GR_PARAM_A2	0x12	glide.h
GR_PARAM_A3	0x13	glide.h
GR_PARAM_A4	0x14	glide.h
GR_PARAM_A5	0x15	glide.h
GR_PARAM_A6	0x16	glide.h
GR_PARAM_A7	0x17	glide.h
GR_PARAM_RGB	0x20	glide.h
GR_PARAM_RGB0	0x20	glide.h
GR_PARAM_RGB1	0x21	glide.h
GR_PARAM_RGB2	0x22	glide.h
GR_PARAM_RGB3	0x23	glide.h
GR_PARAM_RGB4	0x24	glide.h
GR_PARAM_RGB5	0x25	glide.h
GR_PARAM_RGB6	0x26	glide.h
GR_PARAM_RGB7	0x27	glide.h
GR_PARAM_PARGB	0x30	glide.h
GR_PARAM_PARGB0	0x30	glide.h
GR_PARAM_PARGB1	0x31	glide.h
GR_PARAM_PARGB2	0x32	glide.h
GR_PARAM_PARGB3	0x33	glide.h
GR_PARAM_PARGB4	0x34	glide.h
GR_PARAM_PARGB5	0x35	glide.h
GR_PARAM_PARGB6	0x36	glide.h
GR_PARAM_PARGB7	0x37	glide.h
GR_PARAM_ST0	0x40	glide.h
GR_PARAM_ST1	0x41	glide.h
GR_PARAM_ST2	0x42	glide.h
GR_PARAM_ST3	0x43	glide.h
GR_PARAM_ST4	0x44	glide.h
GR_PARAM_ST5	0x45	glide.h
GR_PARAM_ST6	0x46	glide.h
GR_PARAM_ST7	0x47	glide.h
GR_PARAM_Q0	0x50	glide.h
GR_PARAM_Q1	0x51	glide.h
GR_PARAM_Q2	0x52	glide.h
GR_PARAM_Q3	0x53	glide.h
GR_PARAM_Q4	0x54	glide.h
GR_PARAM_Q5	0x55	glide.h
GR_PARAM_Q6	0x56	glide.h
GR_PARAM_Q7	0x57	glide.h
GR_PARAM_DISABLE	0x0	glide.h
GR_PARAM_ENABLE	0x1	glide.h
GR_VERTEX_XYZ	0x3	glide.h
GR_VERTEX_XYZW	0x4	glide.h
GR_COLOR_RGB	0x3	glide.h
GR_COLOR_RGBA	0x4	glide.h
GR_TEX_NONE	0x0	glide.h
GR_TEX_ST	0x2	glide.h
GR_TEX_STW	0x3	glide.h
GR_POINTS	0x0	glide.h
GR_LINE_STRIP	0x1	glide.h
GR_LINES	0x2	glide.h
GR_POLYGON	0x3	glide.h
GR_TRIANGLE_STRIP	0x4	glide.h
GR_TRIANGLE_FAN	0x5	glide.h
GR_TRIANGLES	0x6	glide.h
GR_BITS_DEPTH	0x1	glide.h
GR_BITS_RGBA	0x2	glide.h
GR_FIFO_FULLNESS	0x3	glide.h
GR_FOG_TABLE_ENTRIES	0x4	glide.h
GR_GAMMA_TABLE_ENTRIES	0x5	glide.h
GR_IS_BUSY	0x6	glide.h
GR_LFB_PIXEL_PIPE	0x7	glide.h
GR_MAX_TEXTURE_SIZE	0x8	glide.h
GR_MAX_TEXTURE_ASPECT_RATIO	0x9	glide.h
GR_MEMORY_FB	0xa	glide.h
GR_MEMORY_TMU	0xb	glide.h
GR_MEMORY_UMA	0xc	glide.h
GR_NUM_BOARDS	0xd	glide.h
GR_NUM_POWER_OF_TWO_TEXTURES	0xe	glide.h
GR_NUM_FB	0xf	glide.h
GR_NUM_TMU	0x10	glide.h
GR_PENDING_BUFFERSWAPS	0x11	glide.h
GR_REVISION_FB	0x12	glide.h
GR_REVISION_TMU	0x13	glide.h
GR_STATS_LINES	0x14	glide.h
GR_STATS_PIXELS_AFUNC_FAIL	0x15	glide.h
GR_STATS_PIXELS_CHROMA_FAIL	0x16	glide.h
GR_STATS_PIXELS_DEPTHFUNC_FAIL	0x17	glide.h
GR_STATS_PIXELS_IN	0x18	glide.h
GR_STATS_PIXELS_OUT	0x19	glide.h
GR_STATS_PIXELS	0x1a	glide.h
GR_STATS_POINTS	0x1b	glide.h
GR_STATS_TRIANGLES_IN	0x1c	glide.h
GR_STATS_TRIANGLES_OUT	0x1d	glide.h
GR_STATS_TRIANGLES	0x1e	glide.h
GR_SWAP_HISTORY	0x1f	glide.h
GR_TEXTURE_ALIGN	0x20	glide.h
GR_VIDEO_POSITION	0x21	glide.h
GR_VIEWPORT	0x22	glide.h
GR_WDEPTH_MIN_MAX	0x23	glide.h
GR_ZDEPTH_MIN_MAX	0x24	glide.h
GR_EXTENSION	0xa0	glide.h
GR_HARDWARE	0xa1	glide.h
GR_RENDERER	0xa2	glide.h
GR_VENDOR	0xa3	glide.h
GR_VERSION	0xa4	glide.h
GR_SSTTYPE_VOODOO	0x0	glide.h
GR_SSTTYPE_SST96	0x1	glide.h
GR_SSTTYPE_AT3D	0x2	glide.h
GR_SSTTYPE_Voodoo2	0x3	glide.h
GR_VERTEX_X_OFFSET	0x0	glide.h
GR_VERTEX_Y_OFFSET	0x1	glide.h
GR_VERTEX_Z_OFFSET	0x8	glide.h
GR_VERTEX_R_OFFSET	0x4	glide.h
GR_VERTEX_G_OFFSET	0x5	glide.h
GR_VERTEX_B_OFFSET	0x6	glide.h
GR_VERTEX_OOZ_OFFSET	0x2	glide.h
GR_VERTEX_A_OFFSET	0x7	glide.h
GR_VERTEX_OOW_OFFSET	0x3	glide.h
GR_VERTEX_SOW_TMU0_OFFSET	0x9	glide.h
GR_VERTEX_TOW_TMU0_OFFSET	0xa	glide.h
GR_VERTEX_OOW_TMU0_OFFSET	0xb	glide.h
GR_VERTEX_SOW_TMU1_OFFSET	0xc	glide.h
GR_VERTEX_TOW_TMU1_OFFSET	0xd	glide.h
GR_VERTEX_OOW_TMU1_OFFSET	0xe	glide.h
GR_VERTEX_SOW_TMU2_OFFSET	0xf	glide.h
GR_VERTEX_TOW_TMU2_OFFSET	0x10	glide.h
GR_VERTEX_OOW_TMU2_OFFSET	0x11	glide.h
GR_LFB_SRC_FMT_565	0x0	glide.h
GR_LFB_SRC_FMT_555	0x1	glide.h
GR_LFB_SRC_FMT_1555	0x2	glide.h
GR_LFB_SRC_FMT_888	0x4	glide.h
GR_LFB_SRC_FMT_8888	0x5	glide.h
GR_LFB_SRC_FMT_565_DEPTH	0xc	glide.h
GR_LFB_SRC_FMT_555_DEPTH	0xd	glide.h
GR_LFB_SRC_FMT_1555_DEPTH	0xe	glide.h
GR_LFB_SRC_FMT_ZA16	0xf	glide.h
GR_LFB_SRC_FMT_RLE16	0x80	glide.h
GR_PASSTHRU_SHOW_VGA	0x0	glide.h
GR_PASSTHRU_SHOW_SST1	0x1	glide.h
GR_HINTTYPE_MIN	0x0	glide.h
GR_HINT_STWHINT	0x0	glide.h
GR_HINT_FIFOCHECKHINT	0x1	glide.h
GR_HINT_FPUPRECISION	0x2	glide.h
GR_HINT_ALLOW_MIPMAP_DITHER	0x3	glide.h
GR_HINT_LFB_WRITE	0x4	glide.h
GR_HINT_LFB_PROTECT	0x5	glide.h
GR_HINT_LFB_RESET	0x6	glide.h
GR_HINTTYPE_MAX	0x6	glide.h
GR_HINT_H3DENABLE	0x6	glide.h
GR_STWHINT_W_DIFF_FBI	0x1	glide.h
GR_STWHINT_W_DIFF_TMU0	0x2	glide.h
GR_STWHINT_ST_DIFF_TMU0	0x4	glide.h
GR_STWHINT_W_DIFF_TMU1	0x8	glide.h
GR_STWHINT_ST_DIFF_TMU1	0x10	glide.h
GR_STWHINT_W_DIFF_TMU2	0x20	glide.h
GR_STWHINT_ST_DIFF_TMU2	0x40	glide.h
GR_CONTROL_ACTIVATE	0x1	glide.h
GR_CONTROL_DEACTIVATE	0x2	glide.h
GR_CONTROL_RESIZE	0x3	glide.h
GR_CONTROL_MOVE	0x4	glide.h
GLIDE_NUM_VIRTUAL_TMU	0x2	gump.h
GR_MPTEXTURECOMBINE_ADD	0x0	gump.h
GR_MPTEXTURECOMBINE_MULTIPLY	0x1	gump.h
GR_MPTEXTURECOMBINE_DETAIL0	0x2	gump.h
GR_MPTEXTURECOMBINE_DETAIL1	0x3	gump.h
GR_MPTEXTURECOMBINE_TRILINEAR0	0x4	gump.h
GR_MPTEXTURECOMBINE_TRILINEAR1	0x5	gump.h
GR_MPTEXTURECOMBINE_SUBTRACT	0x6	gump.h
GR_REFRESH_60Hz	0x0	sst1vid.h
GR_REFRESH_70Hz	0x1	sst1vid.h
GR_REFRESH_72Hz	0x2	sst1vid.h
GR_REFRESH_75Hz	0x3	sst1vid.h
GR_REFRESH_80Hz	0x4	sst1vid.h
GR_REFRESH_90Hz	0x5	sst1vid.h
GR_REFRESH_100Hz	0x6	sst1vid.h
GR_REFRESH_85Hz	0x7	sst1vid.h
GR_REFRESH_120Hz	0x8	sst1vid.h
GR_REFRESH_NONE	0xff	sst1vid.h
GR_RESOLUTION_320x200	0x0	sst1vid.h
GR_RESOLUTION_320x240	0x1	sst1vid.h
GR_RESOLUTION_400x256	0x2	sst1vid.h
GR_RESOLUTION_512x384	0x3	sst1vid.h
GR_RESOLUTION_640x200	0x4	sst1vid.h
GR_RESOLUTION_640x350	0x5	sst1vid.h
GR_RESOLUTION_640x400	0x6	sst1vid.h
GR_RESOLUTION_640x480	0x7	sst1vid.h
GR_RESOLUTION_800x600	0x8	sst1vid.h
GR_RESOLUTION_960x720	0x9	sst1vid.h
GR_RESOLUTION_856x480	0xa	sst1vid.h
GR_RESOLUTION_512x256	0xb	sst1vid.h
GR_RESOLUTION_1024x768	0xc	sst1vid.h
GR_RESOLUTION_1280x1024	0xd	sst1vid.h
GR_RESOLUTION_1600x1200	0xe	sst1vid.h
GR_RESOLUTION_400x300	0xf	sst1vid.h
GR_RESOLUTION_NONE	0xff	sst1vid.h
GR_RESOLUTION_MIN	0x0	sst1vid.h
GR_RESOLUTION_MAX	0xe	sst1vid.h
